{
  "Said": {
    "password_enc_master": "QmQJfAjvVPfy142QzZOkWi0xUYQBBiKSfMVqDgjBo7qpurcjjVlqqvynqqBbT55ti/wijazi7KEgFCO6NxeD2/sB",
    "password_enc_secure": "59k/tlkv4dq4pserbci9x2A0iZ08Veb0IXQ7OStbnQXSmR9Jcyv9fR5Wjk2BWC1eGtZ/00qgPaziRO4DihJu6vy2",
    "username_enc": "O4VyBiTO3J+sUK9brof9kBK3bTcb15cuOOEbEKhG91PXy+GhnKt5nxqzewsIYB0W",
    "secure_key_enc_master": "oMmXQR+4rJF4EKALI9C7+IH9hOlzLa0GkCaImGPYxumONyUW03MkHFf3KcWRPxLSsQ==",
    "created_at": "2025-11-01T14:29:23.686531"
  },
  "Dell": {
    "password_enc_master": "rQWTIpFFwD6MlufpO6Yd7OLdMlxCUf1+K1W//dcDCAezsCkH856cM25kIR0Pqq8rbjluVIdLNGIziI/yi4RaspS7",
    "password_enc_secure": "xXdmH3Z85rJzBM4a9rESP46oQevLmLGz2p1U0l4xw5d8Gb2qYGHALTpbkivcvLJmvmCH8/VcmSjy1YMzVCFkfa5c",
    "username_enc": "jf+8153Ty9hnMW1n4fB/xwYbcBakaCvcv8tGBqFCpa0OoKYw/gyic5T9tFw8dBwd",
    "secure_key_enc_master": "eTFy6PLx2Lr+SGNGyHM6zsg5vfRLtNJBA7Q5D3iGx2kVPxDcAxA4jwzoRJIz7FNpmw==",
    "created_at": "2025-11-01T17:31:33.179836"
  },
  "Sutam": {
    "password_enc_master": "ciaN3tR8Fgl+Chsv5cLnCosPqYPkd97DIfSd4hCrkLxDaRTYSmjzyA3QIy3b9LLosjeDJfroDLGFqb7iJw==",
    "password_enc_secure": "rLH7Jsjt/Eqa+eeJTaQNR1RQR1Pkx4Fm+dJgA8Thm+OVZVFgJdMAITJPTqnkshB5ZYX9GmKq11t+oD1jkA==",
    "username_enc": "JGKxJJO8YZeQ4ixk2fU01JKucdf0J2LcgilLMJITwvJ5WFnu7R3r5jxRRS0ZVND2Bw==",
    "secure_key_enc_master": "HAqOGZas4Vg/fWhvOZj5huEdyPbH6KfrEjPmN7RH6/c+tD0WYJRaYmQhuYPtKutg0A==",
    "created_at": "2025-11-02T00:46:51.511524"
  },
  "Mohab": {
    "password_enc_master": "ZmOsfqZ6/83TvpDX8GCIKCI5b3BhGuvbo29Q1oO3VkE1hQIzguge8VXFuj/sNsrOAYwtrdZo5UEeo/W5vw==",
    "password_enc_secure": "y9NY3f0YzLv2d/pnzEJXkBMkD4dFcy0FgeqpFPVc77dzRPmhUh6fqurg3CyRQDC7cEvxhQrqCTYlQWZ8+w==",
    "username_enc": "C1kP8Mhb56zNbJXOAl2FDWNpDpoQ4+it9jT4TNh5dpwDwUon3ZvAJ9ur7KxAM3BmUg==",
    "secure_key_enc_master": "BCJr0NfcpCRLg5QNLCpFrEZs6HEKCI9boUbmOgd0B/wFRYme8XqtIdfACl6s/wyzQA==",
    "created_at": "2025-11-04T14:01:04.950367"
  }
}