{
  "Said": {
    "password_enc_master": "QmQJfAjvVPfy142QzZOkWi0xUYQBBiKSfMVqDgjBo7qpurcjjVlqqvynqqBbT55ti/wijazi7KEgFCO6NxeD2/sB",
    "password_enc_secure": "59k/tlkv4dq4pserbci9x2A0iZ08Veb0IXQ7OStbnQXSmR9Jcyv9fR5Wjk2BWC1eGtZ/00qgPaziRO4DihJu6vy2",
    "username_enc": "O4VyBiTO3J+sUK9brof9kBK3bTcb15cuOOEbEKhG91PXy+GhnKt5nxqzewsIYB0W",
    "secure_key_enc_master": "oMmXQR+4rJF4EKALI9C7+IH9hOlzLa0GkCaImGPYxumONyUW03MkHFf3KcWRPxLSsQ==",
    "created_at": "2025-11-01T14:29:23.686531"
  }
}