{
  "Said": {
    "password_enc_master": "QmQJfAjvVPfy142QzZOkWi0xUYQBBiKSfMVqDgjBo7qpurcjjVlqqvynqqBbT55ti/wijazi7KEgFCO6NxeD2/sB",
    "password_enc_secure": "59k/tlkv4dq4pserbci9x2A0iZ08Veb0IXQ7OStbnQXSmR9Jcyv9fR5Wjk2BWC1eGtZ/00qgPaziRO4DihJu6vy2",
    "username_enc": "O4VyBiTO3J+sUK9brof9kBK3bTcb15cuOOEbEKhG91PXy+GhnKt5nxqzewsIYB0W",
    "secure_key_enc_master": "oMmXQR+4rJF4EKALI9C7+IH9hOlzLa0GkCaImGPYxumONyUW03MkHFf3KcWRPxLSsQ==",
    "created_at": "2025-11-01T14:29:23.686531"
  },
  "Dell": {
    "password_enc_master": "rQWTIpFFwD6MlufpO6Yd7OLdMlxCUf1+K1W//dcDCAezsCkH856cM25kIR0Pqq8rbjluVIdLNGIziI/yi4RaspS7",
    "password_enc_secure": "xXdmH3Z85rJzBM4a9rESP46oQevLmLGz2p1U0l4xw5d8Gb2qYGHALTpbkivcvLJmvmCH8/VcmSjy1YMzVCFkfa5c",
    "username_enc": "jf+8153Ty9hnMW1n4fB/xwYbcBakaCvcv8tGBqFCpa0OoKYw/gyic5T9tFw8dBwd",
    "secure_key_enc_master": "eTFy6PLx2Lr+SGNGyHM6zsg5vfRLtNJBA7Q5D3iGx2kVPxDcAxA4jwzoRJIz7FNpmw==",
    "created_at": "2025-11-01T17:31:33.179836"
  }
}