{
  "dell": {
    "password_enc_emoji": "sL8IigIWerdgO4csNQUoge/Q/JzP5kBZr96yxwafIwvm0b0pmYzdXcuqWS4coefkGa/ld7SClg==",
    "password_enc_secure": "tNHNkpSc7ylAqYnx20G1Lolm/LO0adxwyjt3RUPUBtDRZ+jbL6TBjpsBrcLsEOtcCVfstwFojg==",
    "username_enc": "O9+gnfjh3oBA+At3v7PJ7WLEOKByQqyH24YE1eH4hDlDRd04mfDzWjhDyoamuHzB",
    "secure_key_enc_rsa": "NzYyLDI1OSwxMzY3LDE3NjMsMzEyNywxODk0LDI0NDk=",
    "emoji_password_enc_rsa": "MzIwOCwzMTE3LDMwNjUsOTA3LDEwMDIsNDU3",
    "created_at": "2025-11-17T00:03:52.119310",
    "last_modified": "2025-11-17T00:03:52.119310"
  }
}